frame,timestep,chain,rx,ry,rz,distance
0,0,1,-15.771838188171387,-39.86461639404297,-14.31363582611084,45.19755172729492
0,0,2,-4.749699115753174,23.04436683654785,-17.225902557373047,29.160490036010742
0,0,3,-1.3540000915527344,5.737459182739258,0.14715003967285156,5.89689826965332
0,0,4,-12.702938079833984,-12.13241958618164,-36.03630065917969,40.08959197998047
0,0,5,9.387237548828125,-3.2385005950927734,17.025819778442383,19.710065841674805
0,0,6,-8.780739784240723,-27.671985626220703,-20.45724105834961,35.51533126831055
0,0,7,-8.835908889770508,0.12420082092285156,8.103919982910156,11.99008846282959
0,0,8,15.611980438232422,28.972900390625,18.064937591552734,37.543373107910156
0,0,9,-8.753379821777344,-17.16180992126465,3.3052024841308594,19.546707153320312
0,0,10,18.035018920898438,-25.0231990814209,19.475540161132812,36.47902297973633
1,1000,1,-14.161235809326172,-39.830474853515625,-14.444937705993652,44.672847747802734
1,1000,2,-6.014599323272705,22.174007415771484,-17.685619354248047,28.993846893310547
1,1000,3,-1.8821029663085938,5.800161361694336,0.8996391296386719,6.163889408111572
1,1000,4,-12.998140335083008,-13.303890228271484,-36.49610137939453,40.96230697631836
1,1000,5,9.184337615966797,-2.71809983253479,17.006568908691406,19.518285751342773
1,1000,6,-9.17947006225586,-26.919178009033203,-20.093339920043945,34.823081970214844
1,1000,7,-8.504749298095703,0.2904996871948242,8.44148063659668,11.986398696899414
1,1000,8,16.07215118408203,28.730501174926758,18.168636322021484,37.60126495361328
1,1000,9,-8.068939208984375,-17.458850860595703,3.094402313232422,19.480619430541992
1,1000,10,17.5930118560791,-25.591699600219727,19.310035705566406,36.56947708129883
2,2000,1,-15.153438568115234,-39.74982452392578,-15.04833698272705,45.123470306396484
2,2000,2,-4.391098499298096,22.657636642456055,-17.108118057250977,28.728694915771484
2,2000,3,-1.7150993347167969,5.439081192016602,0.2801399230957031,5.709960460662842
2,2000,4,-12.878936767578125,-10.774030685424805,-35.90679931640625,39.63893127441406
2,2000,5,9.116340637207031,-2.7936995029449463,17.170879364013672,19.64055824279785
2,2000,6,-9.877410888671875,-26.93238639831543,-20.82406234741211,35.44796371459961
2,2000,7,-8.206680297851562,-0.4608001708984375,9.070589065551758,12.240814208984375
2,2000,8,15.521631240844727,30.042903900146484,18.360233306884766,38.4785041809082
2,2000,9,-9.347160339355469,-17.52684783935547,3.6420974731445312,20.194669723510742
2,2000,10,17.04113006591797,-25.629501342773438,19.892135620117188,36.64653396606445
3,3000,1,-14.67613697052002,-38.281436920166016,-14.930032730102539,43.632137298583984
3,3000,2,-4.632399082183838,22.264789581298828,-16.513853073120117,28.104934692382812
3,3000,3,-1.5260009765625,4.794841766357422,1.3512706756591797,5.210097789764404
3,3000,4,-12.89033317565918,-11.669960021972656,-35.234798431396484,39.291725158691406
3,3000,5,9.753936767578125,-2.4350016117095947,16.728090286254883,19.5165958404541
3,3000,6,-8.856770515441895,-26.923736572265625,-20.92729949951172,35.23183059692383
3,3000,7,-8.906808853149414,1.2124004364013672,7.653011322021484,11.805496215820312
3,3000,8,15.74431037902832,29.553102493286133,18.06463623046875,38.047340393066406
3,3000,9,-8.991809844970703,-17.69036102294922,3.5633010864257812,20.16181182861328
3,3000,10,16.61802101135254,-26.584800720214844,20.835433959960938,37.643402099609375
4,4000,1,-15.692336082458496,-40.145137786865234,-14.329732894897461,45.42271041870117
4,4000,2,-4.770799160003662,22.75507926940918,-16.861328125,28.72035026550293
4,4000,3,-2.9422035217285156,4.745870590209961,0.37446022033691406,5.596433639526367
4,4000,4,-11.816402435302734,-11.625541687011719,-36.447200775146484,40.03971862792969
4,4000,5,9.237937927246094,-1.967401385307312,15.58296012878418,18.22193145751953
4,4000,6,-9.051360130310059,-28.164546966552734,-20.290760040283203,35.87316131591797
4,4000,7,-7.939509868621826,0.2796001434326172,8.403690338134766,11.564428329467773
4,4000,8,16.21976089477539,28.941802978515625,17.779438018798828,37.640628814697266
4,4000,9,-8.653579711914062,-17.284942626953125,3.675201416015625,19.676401138305664
4,4000,10,17.53084945678711,-25.46649932861328,20.276634216308594,36.973167419433594
5,5000,1,-14.8428373336792,-40.39193344116211,-15.210838317871094,45.64195251464844
5,5000,2,-6.314300060272217,22.578996658325195,-17.329790115356445,29.154813766479492
5,5000,3,-2.0231971740722656,5.158161163330078,0.6049404144287109,5.5736799240112305
5,5000,4,-12.752300262451172,-11.237860679626465,-35.39189910888672,39.261905670166016
5,5000,5,8.930335998535156,-3.049501657485962,16.580551147460938,19.07786750793457
5,5000,6,-9.373530387878418,-27.194377899169922,-20.137269973754883,35.11277389526367
5,5000,7,-8.277009963989258,0.0044994354248046875,8.136711120605469,11.606678009033203
5,5000,8,16.293458938598633,28.769699096679688,17.25103759765625,37.29303741455078
5,5000,9,-8.810291290283203,-17.865760803222656,3.9514007568359375,20.30813217163086
5,5000,10,17.43256187438965,-26.168899536132812,19.73443603515625,37.12348937988281
6,6000,1,-14.664634704589844,-39.32783889770508,-15.54163932800293,44.757938385009766
6,6000,2,-5.155600070953369,22.48072052001953,-17.665922164916992,29.052499771118164
6,6000,3,-1.7198028564453125,5.707601547241211,0.4211597442626953,5.975935935974121
6,6000,4,-13.588033676147461,-11.529820442199707,-34.56650161743164,38.889774322509766
6,6000,5,9.801136016845703,-3.5420000553131104,17.242366790771484,20.147140502929688
6,6000,6,-8.812710762023926,-26.960826873779297,-19.949649810791016,34.67763900756836
6,6000,7,-8.438129425048828,1.0841999053955078,7.782770156860352,11.530352592468262
6,6000,8,15.706668853759766,29.398300170898438,17.906837463378906,37.8366813659668
6,6000,9,-8.771039962768555,-17.28708839416504,3.0480995178222656,19.623085021972656
6,6000,10,17.364418029785156,-25.700498580932617,20.249034881591797,37.04135513305664
7,7000,1,-15.587437629699707,-39.756103515625,-14.63593578338623,45.14118576049805
7,7000,2,-5.015799045562744,22.43052864074707,-18.042848587036133,29.22039031982422
7,7000,3,-1.8624992370605469,5.740047454833984,0.6018695831298828,6.064593315124512
7,7000,4,-13.529434204101562,-11.409951210021973,-36.02989959716797,40.14207458496094
7,7000,5,9.383438110351562,-2.437999963760376,15.90471076965332,18.626663208007812
7,7000,6,-9.614519119262695,-27.407089233398438,-20.755298614501953,35.69831848144531
7,7000,7,-8.960489273071289,0.062399864196777344,8.818920135498047,12.572494506835938
7,7000,8,15.420649528503418,29.333599090576172,19.208236694335938,38.30421447753906
7,7000,9,-8.363149642944336,-17.333148956298828,3.8480987548828125,19.626211166381836
7,7000,10,17.73874855041504,-25.875202178955078,19.955036163330078,37.1805419921875
8,8000,1,-15.454236030578613,-40.600135803222656,-14.954938888549805,45.94403839111328
8,8000,2,-5.7562994956970215,22.803586959838867,-16.94283676147461,28.986173629760742
8,8000,3,-1.8136978149414062,5.205066680908203,-0.07136917114257812,5.5124688148498535
8,8000,4,-12.688098907470703,-12.1334810256958,-36.06439971923828,40.1104736328125
8,8000,5,9.980934143066406,-2.227600336074829,16.296480178833008,19.239452362060547
8,8000,6,-9.614130973815918,-27.234344482421875,-20.764822006225586,35.571319580078125
8,8000,7,-8.222700119018555,0.8301992416381836,8.53792953491211,11.88268756866455
8,8000,8,15.993661880493164,29.058502197265625,18.367733001708984,37.91526412963867
8,8000,9,-8.894760131835938,-16.43023109436035,4.084999084472656,19.1247615814209
8,8000,10,17.665939331054688,-25.60369873046875,20.070938110351562,37.01995849609375
9,9000,1,-15.354935646057129,-40.27973556518555,-15.0862398147583,45.67084503173828
9,9000,2,-4.343399524688721,22.688146591186523,-16.168865203857422,28.196619033813477
9,9000,3,-1.5785980224609375,5.485668182373047,1.0628395080566406,5.806389331817627
9,9000,4,-12.472099304199219,-11.107231140136719,-35.728599548339844,39.43927764892578
9,9000,5,9.33743667602539,-2.316699981689453,16.421859741210938,19.03240203857422
9,9000,6,-9.212210655212402,-28.747108459472656,-19.33650016784668,35.849143981933594
9,9000,7,-8.464059829711914,0.6385993957519531,8.638469696044922,12.11079216003418
9,9000,8,15.982431411743164,29.153400421142578,18.25283432006836,37.92789077758789
9,9000,9,-8.919960021972656,-16.478191375732422,3.731201171875,19.105453491210938
9,9000,10,15.756509780883789,-25.86290168762207,19.433738708496094,35.98371124267578
10,10000,1,-14.450136184692383,-39.06251907348633,-14.885234832763672,44.22959518432617
10,10000,2,-5.86020040512085,22.445886611938477,-16.876052856445312,28.68729591369629
10,10000,3,-1.8325004577636719,5.58814811706543,0.9088001251220703,5.950746059417725
10,10000,4,-12.863601684570312,-11.50669002532959,-35.95840072631836,39.88587188720703
10,10000,5,10.749637603759766,-3.3312017917633057,17.418956756591797,20.738168716430664
10,10000,6,-8.703539848327637,-27.472164154052734,-20.01470947265625,35.086463928222656
10,10000,7,-8.638740539550781,0.031000137329101562,7.774160385131836,11.621805191040039
10,10000,8,16.169309616088867,29.57080078125,18.190139770507812,38.298301696777344
10,10000,9,-8.711700439453125,-17.007471084594727,3.8328018188476562,19.489437103271484
10,10000,10,16.879409790039062,-25.656200408935547,19.69533920288086,36.48371505737305
11,11000,1,-14.92353343963623,-39.125083923339844,-14.606037139892578,44.34885025024414
11,11000,2,-3.480699062347412,21.96586799621582,-17.12861442565918,28.0714111328125
11,11000,3,-0.9151039123535156,6.154029846191406,1.9182796478271484,6.510705947875977
11,11000,4,-12.73330307006836,-10.93967056274414,-36.07480239868164,39.78950500488281
11,11000,5,10.071239471435547,-2.954700469970703,15.009519577026367,18.3151798248291
11,11000,6,-8.46819019317627,-27.18537712097168,-20.852779388427734,35.292964935302734
11,11000,7,-8.455120086669922,1.0488996505737305,8.397829055786133,11.96297550201416
11,11000,8,16.910785675048828,28.781810760498047,18.930137634277344,38.375999450683594
11,11000,9,-8.892330169677734,-16.905458450317383,3.624797821044922,19.442407608032227
11,11000,10,16.504680633544922,-25.632598876953125,19.710735321044922,36.303550720214844
12,12000,1,-15.524935722351074,-39.5150146484375,-15.199834823608398,45.09429168701172
12,12000,2,-5.599899768829346,21.771120071411133,-18.005701065063477,28.801836013793945
12,12000,3,-0.6893997192382812,5.905567169189453,1.619429588317871,6.162268161773682
12,12000,4,-13.695320129394531,-11.618640899658203,-34.545997619628906,38.93559265136719
12,12000,5,10.286334991455078,-3.745899200439453,17.076345443725586,20.284032821655273
12,12000,6,-9.374300003051758,-26.52777862548828,-20.375389099121094,34.73841094970703
12,12000,7,-7.891900539398193,0.3488006591796875,8.252889633178711,11.424269676208496
12,12000,8,15.78219985961914,30.505300521850586,19.678936004638672,39.58423614501953
12,12000,9,-9.149141311645508,-17.272640228271484,3.7661972045898438,19.905654907226562
12,12000,10,16.42108154296875,-25.20439910888672,20.200836181640625,36.23516845703125
13,13000,1,-15.893436431884766,-39.5228271484375,-14.66353702545166,45.05190658569336
13,13000,2,-4.992900371551514,22.39731788635254,-16.84336280822754,28.4652042388916
13,13000,3,-0.9477005004882812,5.083610534667969,0.8513107299804688,5.240797996520996
13,13000,4,-13.119003295898438,-10.594210624694824,-36.27519989013672,40.00294494628906
13,13000,5,9.987239837646484,-3.0158004760742188,16.381481170654297,19.42145538330078
13,13000,6,-8.951069831848145,-27.034244537353516,-20.614870071411133,35.156009674072266
13,13000,7,-7.987260341644287,0.959599494934082,7.899469375610352,11.274696350097656
13,13000,8,16.51984405517578,30.929000854492188,18.74783706665039,39.761661529541016
13,13000,9,-8.997039794921875,-17.749269485473633,3.46820068359375,20.199298858642578
13,13000,10,16.568580627441406,-26.276700973510742,19.98483657836914,36.937469482421875
14,14000,1,-15.1260347366333,-40.12610626220703,-15.089738845825195,45.45988845825195
14,14000,2,-5.752699375152588,22.70181655883789,-17.504459381103516,29.238197326660156
14,14000,3,-1.3489990234375,5.58905029296875,0.10132026672363281,5.750438690185547
14,14000,4,-13.988134384155273,-11.798369407653809,-35.1416015625,39.62071990966797
14,14000,5,11.128837585449219,-2.688699960708618,16.42991065979004,20.025535583496094
14,14000,6,-8.806020736694336,-28.154216766357422,-19.822599411010742,35.54069900512695
14,14000,7,-8.156620025634766,0.4786996841430664,8.206449508666992,11.580389022827148
14,14000,8,15.184471130371094,30.403400421142578,18.920333862304688,38.89619445800781
14,14000,9,-8.460260391235352,-17.200241088867188,3.0569000244140625,19.410537719726562
14,14000,10,16.35515022277832,-24.86989974975586,19.990436553955078,35.85554885864258
15,15000,1,-14.423738479614258,-39.85172653198242,-14.832139015197754,44.90208053588867
15,15000,2,-5.635000705718994,22.618818283081055,-17.0623779296875,28.887521743774414
15,15000,3,-1.4480018615722656,5.4160919189453125,-0.1564197540283203,5.608496189117432
15,15000,4,-14.170564651489258,-10.781949996948242,-35.245399475097656,39.48788833618164
15,15000,5,9.961936950683594,-2.493999719619751,15.308038711547852,18.433563232421875
15,15000,6,-9.043500900268555,-27.3824462890625,-20.526790618896484,35.396785736083984
15,15000,7,-8.617288589477539,0.22229957580566406,7.851869583129883,11.66014289855957
15,15000,8,16.669147491455078,29.81100082397461,18.96923828125,39.06901931762695
15,15000,9,-9.401119232177734,-16.757381439208984,3.3917007446289062,19.511394500732422
15,15000,10,16.869890213012695,-26.21099853515625,20.00293731689453,37.036834716796875
16,16000,1,-14.910036087036133,-39.43377685546875,-14.191032409667969,44.4827766418457
16,16000,2,-4.530399799346924,22.288036346435547,-18.013219833374023,29.013051986694336
16,16000,3,-2.1448020935058594,5.324010848999023,-0.04678916931152344,5.739987373352051
16,16000,4,-13.326900482177734,-10.969550132751465,-35.09939956665039,39.1140022277832
16,16000,5,10.285240173339844,-2.834300994873047,16.455120086669922,19.610977172851562
16,16000,6,-8.872650146484375,-27.301525115966797,-20.41781997680664,35.22761154174805
16,16000,7,-8.662059783935547,0.6672000885009766,8.263050079345703,11.989764213562012
16,16000,8,16.427677154541016,30.332502365112305,19.04763412475586,39.404842376708984
16,16000,9,-8.631601333618164,-17.545249938964844,3.1946029663085938,19.812768936157227
16,16000,10,16.778419494628906,-25.28190040588379,19.342437744140625,35.983604431152344
17,17000,1,-14.434737205505371,-39.50057601928711,-15.092334747314453,44.68149185180664
17,17000,2,-4.893899440765381,22.167665481567383,-16.566078186035156,28.103212356567383
17,17000,3,-1.44830322265625,5.461418151855469,0.9896697998046875,5.73621129989624
17,17000,4,-13.938434600830078,-10.771730422973633,-35.38189697265625,39.5245361328125
17,17000,5,11.031139373779297,-3.5008010864257812,16.894149780273438,20.478134155273438
17,17000,6,-9.35304069519043,-27.167360305786133,-20.495079040527344,35.29296112060547
17,17000,7,-8.663568496704102,0.44069957733154297,7.613639831542969,11.542059898376465
17,17000,8,16.975318908691406,29.821300506591797,19.37793731689453,39.407814025878906
17,17000,9,-8.530830383300781,-16.519729614257812,3.3444976806640625,18.890796661376953
17,17000,10,17.649391174316406,-25.613101959228516,20.466537475585938,37.23454284667969
18,18000,1,-15.14913558959961,-39.57313537597656,-15.181437492370605,45.01116943359375
18,18000,2,-5.361400127410889,22.90357780456543,-17.50634765625,29.322187423706055
18,18000,3,-0.8820991516113281,5.9150390625,-0.142608642578125,5.982150077819824
18,18000,4,-14.05413818359375,-11.484400749206543,-35.339599609375,39.7277946472168
18,18000,5,9.405036926269531,-3.5744001865386963,17.33078956604004,20.039644241333008
18,18000,6,-9.376220703125,-27.466537475585938,-20.928558349609375,35.781681060791016
18,18000,7,-7.9706902503967285,0.136199951171875,8.284080505371094,11.496801376342773
18,18000,8,16.221675872802734,29.15740203857422,18.257537841796875,38.03464889526367
18,18000,9,-9.217521667480469,-16.680572509765625,3.716400146484375,19.416894912719727
18,18000,10,16.9194393157959,-25.473102569580078,20.266136169433594,36.68600082397461
19,19000,1,-14.369935035705566,-40.48293685913086,-15.087336540222168,45.53010940551758
19,19000,2,-5.456099987030029,23.676738739013672,-17.14247703552246,29.735862731933594
19,19000,3,-1.9300003051757812,5.35205078125,0.9430103302001953,5.767028331756592
19,19000,4,-13.56673812866211,-12.463400840759277,-35.41579818725586,39.920814514160156
19,19000,5,9.961536407470703,-1.9372007846832275,16.64854621887207,19.49766731262207
19,19000,6,-9.105100631713867,-27.388586044311523,-19.961910247802734,35.092952728271484
19,19000,7,-8.508459091186523,0.6093006134033203,8.097808837890625,11.761786460876465
19,19000,8,15.836360931396484,29.384899139404297,18.51483917236328,38.171478271484375
19,19000,9,-8.823339462280273,-17.472442626953125,3.1863021850585938,19.83154296875
19,19000,10,16.531660079956055,-24.78590202331543,19.245635986328125,35.46873474121094
20,20000,1,-15.542136192321777,-39.655189514160156,-15.162437438964844,45.21052551269531
20,20000,2,-4.4965996742248535,23.014238357543945,-17.659555435180664,29.355314254760742
20,20000,3,-1.5949974060058594,7.061199188232422,1.275599479675293,7.350625991821289
20,20000,4,-13.312238693237305,-10.9459810256958,-35.813499450683594,39.74464416503906
20,20000,5,10.673439025878906,-3.024101495742798,16.657489776611328,20.01348114013672
20,20000,6,-9.125659942626953,-28.070816040039062,-20.81842041015625,36.12001037597656
20,20000,7,-8.948780059814453,0.8894996643066406,7.689510345458984,11.832178115844727
20,20000,8,16.340620040893555,29.07149887084961,18.618637084960938,38.194522857666016
20,20000,9,-8.321538925170898,-17.73847007751465,3.1156005859375,19.839563369750977
20,20000,10,17.411392211914062,-25.015399932861328,20.256633758544922,36.59587478637695
21,21000,1,-14.641036987304688,-40.060707092285156,-14.844137191772461,45.161582946777344
21,21000,2,-4.090699672698975,22.068239212036133,-16.708465576171875,27.9805965423584
21,21000,3,-0.5197029113769531,7.224081039428711,0.8926105499267578,7.297546863555908
21,21000,4,-14.086833953857422,-11.049620628356934,-35.208099365234375,39.49864959716797
21,21000,5,10.620140075683594,-3.844900131225586,16.716320037841797,20.17439079284668
21,21000,6,-8.609610557556152,-26.617698669433594,-20.63279151916504,34.76117706298828
21,21000,7,-8.284669876098633,0.9062995910644531,7.961938858032227,11.526040077209473
21,21000,8,15.10653018951416,29.967201232910156,18.281635284423828,38.215946197509766
21,21000,9,-9.079229354858398,-17.298492431640625,3.661296844482422,19.876502990722656
21,21000,10,16.97918128967285,-25.947999954223633,20.273536682128906,37.04872131347656
22,22000,1,-14.940235137939453,-39.87883758544922,-14.724937438964844,45.059471130371094
22,22000,2,-5.007400035858154,22.675168991088867,-17.160106658935547,28.873977661132812
22,22000,3,-0.8516998291015625,7.447919845581055,0.9552688598632812,7.557078838348389
22,22000,4,-13.23050308227539,-10.6072998046875,-35.12639617919922,39.00544738769531
22,22000,5,10.171836853027344,-3.0529003143310547,17.44907569885254,20.426862716674805
22,22000,6,-8.463290214538574,-25.95086669921875,-21.06787109375,34.48086166381836
22,22000,7,-8.731048583984375,0.6110000610351562,8.121219635009766,11.939796447753906
22,22000,8,16.382339477539062,29.789600372314453,18.548137664794922,38.727699279785156
22,22000,9,-8.607809066772461,-17.189130783081055,3.2192001342773438,19.491634368896484
22,22000,10,17.214672088623047,-25.508697509765625,19.733638763427734,36.557559967041016
23,23000,1,-14.974534034729004,-39.05360794067383,-14.818836212158203,44.37363052368164
23,23000,2,-5.158000469207764,22.21559715270996,-16.680213928222656,28.255393981933594
23,23000,3,-1.0059013366699219,6.719459533691406,0.7806491851806641,6.839034080505371
23,23000,4,-13.30379867553711,-12.48855972290039,-36.19609832763672,40.53532791137695
23,23000,5,9.691638946533203,-2.268699884414673,16.960201263427734,19.665281295776367
23,23000,6,-8.687139511108398,-26.497655868530273,-20.2219295501709,34.44587707519531
23,23000,7,-8.112468719482422,0.5858001708984375,8.570550918579102,11.815652847290039
23,23000,8,16.002370834350586,29.573101043701172,18.95123291015625,38.597843170166016
23,23000,9,-9.011789321899414,-17.934782028198242,3.3794021606445312,20.354093551635742
23,23000,10,16.345951080322266,-25.19729995727539,19.501235961914062,35.81050491333008
24,24000,1,-14.362936973571777,-39.298736572265625,-14.3793363571167,44.243080139160156
24,24000,2,-5.642399311065674,22.975818634033203,-17.647695541381836,29.515522003173828
24,24000,3,-0.7985992431640625,6.685810089111328,0.7727899551391602,6.777538299560547
24,24000,4,-13.30463981628418,-11.113760948181152,-35.9099006652832,39.87543487548828
24,24000,5,9.626934051513672,-2.828298568725586,15.104421615600586,18.133413314819336
24,24000,6,-8.366459846496582,-26.928258895874023,-20.709522247314453,34.985897064208984
24,24000,7,-8.575119018554688,0.9358005523681641,8.064821243286133,11.808883666992188
24,24000,8,16.08085060119629,29.76449966430664,18.10793685913086,38.37207794189453
24,24000,9,-8.804750442504883,-17.935768127441406,3.687000274658203,20.317710876464844
24,24000,10,17.326370239257812,-25.55160140991211,20.367835998535156,36.98562240600586
25,25000,1,-15.74493408203125,-39.656333923339844,-15.565835952758789,45.418312072753906
25,25000,2,-4.388199329376221,22.607410430908203,-16.86316680908203,28.54326057434082
25,25000,3,-0.9379005432128906,7.904348373413086,1.1408309936523438,8.041136741638184
25,25000,4,-12.96199893951416,-10.370320320129395,-35.19239807128906,38.91094970703125
25,25000,5,9.437637329101562,-2.7497997283935547,16.848730087280273,19.506668090820312
25,25000,6,-8.338220596313477,-26.854248046875,-20.460590362548828,34.775169372558594
25,25000,7,-8.707839965820312,1.0755996704101562,8.217599868774414,12.021328926086426
25,25000,8,16.151811599731445,29.461898803710938,16.763935089111328,37.54882049560547
25,25000,9,-8.801210403442383,-17.80290985107422,3.666301727294922,20.195215225219727
25,25000,10,16.018638610839844,-24.879501342773438,19.639636993408203,35.514808654785156
26,26000,1,-14.251439094543457,-40.153236389160156,-14.924240112304688,45.145530700683594
26,26000,2,-4.931199550628662,22.801067352294922,-17.036361694335938,28.88672637939453
26,26000,3,-1.1748008728027344,7.211189270019531,0.11110877990722656,7.307102680206299
26,26000,4,-14.028236389160156,-11.98798942565918,-35.44459915161133,39.96026611328125
26,26000,5,9.377838134765625,-2.9876997470855713,16.533151626586914,19.24098014831543
26,26000,6,-8.746760368347168,-25.718528747558594,-20.594741821289062,34.08946990966797
26,26000,7,-8.769388198852539,0.5692005157470703,8.158008575439453,11.990798950195312
26,26000,8,15.745149612426758,29.502899169921875,17.29613494873047,37.64952850341797
26,26000,9,-8.536178588867188,-17.814762115478516,3.560100555419922,20.072528839111328
26,26000,10,17.293048858642578,-26.191200256347656,20.52383804321289,37.500083923339844
27,27000,1,-14.832337379455566,-39.70853805541992,-15.781034469604492,45.2306022644043
27,27000,2,-4.5976996421813965,22.432676315307617,-17.113019943237305,28.587047576904297
27,27000,3,-2.0553016662597656,3.8948898315429688,0.7267589569091797,4.463475227355957
27,27000,4,-13.284137725830078,-12.569440841674805,-36.247100830078125,40.599403381347656
27,27000,5,10.173637390136719,-3.0007002353668213,18.20863914489746,21.072771072387695
27,27000,6,-8.416810035705566,-27.798755645751953,-20.028850555419922,35.281272888183594
27,27000,7,-8.79439926147461,1.1784000396728516,8.164178848266602,12.057524681091309
27,27000,8,15.669198989868164,29.915302276611328,17.76723861694336,38.1591911315918
27,27000,9,-8.407760620117188,-17.30276107788086,3.5391998291015625,19.560211181640625
27,27000,10,17.216808319091797,-24.6781005859375,19.591636657714844,35.90625762939453
28,28000,1,-15.083434104919434,-38.92743682861328,-15.013134956359863,44.364959716796875
28,28000,2,-5.066198825836182,22.769617080688477,-18.081857681274414,29.513986587524414
28,28000,3,-1.9602012634277344,4.694652557373047,0.8382396697998047,5.1560444831848145
28,28000,4,-13.959239959716797,-11.115621566772461,-35.748199462890625,39.95436477661133
28,28000,5,10.110237121582031,-2.2601988315582275,16.141929626464844,19.180387496948242
28,28000,6,-8.175980567932129,-26.964202880859375,-20.524580001831055,34.859336853027344
28,28000,7,-8.63184928894043,0.4432992935180664,7.533510208129883,11.465561866760254
28,28000,8,15.801010131835938,28.358402252197266,17.974136352539062,37.107147216796875
28,28000,9,-8.519161224365234,-17.208660125732422,3.2485008239746094,19.474775314331055
28,28000,10,16.84665870666504,-25.015403747558594,19.804035186767578,36.0801887512207
29,29000,1,-14.801834106445312,-39.9438362121582,-15.217839241027832,45.234798431396484
29,29000,2,-5.150699138641357,23.33761978149414,-17.805767059326172,29.80301284790039
29,29000,3,-0.9178009033203125,4.915809631347656,1.202651023864746,5.143336772918701
29,29000,4,-12.9364013671875,-12.036260604858398,-34.920799255371094,39.13673782348633
29,29000,5,9.068439483642578,-1.9212000370025635,16.29452896118164,18.746713638305664
29,29000,6,-8.805941581726074,-26.739206314086914,-20.8653507232666,35.041297912597656
29,29000,7,-9.203109741210938,0.8214006423950195,7.896579742431641,12.154336929321289
29,29000,8,16.7449893951416,28.99570083618164,17.03203582763672,37.5664176940918
29,29000,9,-8.70648193359375,-16.870182037353516,3.170398712158203,19.24726676940918
29,29000,10,15.937248229980469,-25.709800720214844,19.682037353515625,36.08839416503906
30,30000,1,-14.233234405517578,-40.531654357910156,-14.56303882598877,45.35947799682617
30,30000,2,-4.857898235321045,22.894968032836914,-17.298898696899414,29.103790283203125
30,30000,3,-0.6236000061035156,6.328159332275391,1.821279525756836,6.614494323730469
30,30000,4,-12.89739990234375,-11.215989112854004,-34.99079895019531,38.942230224609375
30,30000,5,10.659835815429688,-2.238100290298462,17.388887405395508,20.518640518188477
30,30000,6,-9.128959655761719,-26.245216369628906,-20.466537475585938,34.51128005981445
30,30000,7,-8.863201141357422,-0.07739925384521484,8.28809928894043,12.13486385345459
30,30000,8,15.420259475708008,29.8262996673584,18.76433563232422,38.464176177978516
30,30000,9,-8.469949722290039,-17.667280197143555,3.4831008911132812,19.899869918823242
30,30000,10,16.83232879638672,-25.095901489257812,20.367435455322266,36.44123840332031
31,31000,1,-15.140833854675293,-40.76083755493164,-14.636735916137695,45.879459381103516
31,31000,2,-5.316999912261963,21.232187271118164,-18.032238006591797,28.359088897705078
31,31000,3,-0.5424995422363281,7.271747589111328,1.3840999603271484,7.422152519226074
31,31000,4,-12.902637481689453,-11.504279136657715,-35.63119888305664,39.60314178466797
31,31000,5,9.954837799072266,-3.162900924682617,15.914880752563477,19.03644371032715
31,31000,6,-8.921040534973145,-27.321155548095703,-20.364591598510742,35.224239349365234
31,31000,7,-8.983928680419922,1.1959009170532227,7.8912506103515625,12.017195701599121
31,31000,8,16.011680603027344,29.599098205566406,18.615734100341797,38.458106994628906
31,31000,9,-8.700420379638672,-18.05493927001953,3.4159011840820312,20.33092498779297
31,31000,10,18.0570011138916,-25.355100631713867,19.78113555908203,36.88129425048828
32,32000,1,-14.129435539245605,-39.542816162109375,-14.907637596130371,44.5590934753418
32,32000,2,-5.499300479888916,22.644847869873047,-17.373300552368164,29.066526412963867
32,32000,3,-0.8152999877929688,6.683681488037109,0.6246299743652344,6.7621355056762695
32,32000,4,-12.742301940917969,-11.270770072937012,-35.029701232910156,38.94196319580078
32,32000,5,9.599334716796875,-3.740100860595703,17.65431785583496,20.440414428710938
32,32000,6,-7.464139938354492,-26.999496459960938,-20.31431007385254,34.60285186767578
32,32000,7,-9.339958190917969,0.9969997406005859,8.112581253051758,12.411397933959961
32,32000,8,15.863750457763672,29.50570297241211,17.358036041259766,37.729915618896484
32,32000,9,-7.725279331207275,-16.729738235473633,2.802600860595703,18.639169692993164
32,32000,10,17.337350845336914,-25.908201217651367,19.870235443115234,36.96815872192383
33,33000,1,-14.696832656860352,-40.88593673706055,-14.536834716796875,45.8145866394043
33,33000,2,-6.4618000984191895,22.864089965820312,-17.730188369750977,29.64592742919922
33,33000,3,-0.8529014587402344,7.005731582641602,1.3564205169677734,7.186625957489014
33,33000,4,-13.08530044555664,-12.282140731811523,-35.993202209472656,40.219234466552734
33,33000,5,9.13333511352539,-3.6674997806549072,17.276439666748047,19.88325309753418
33,33000,6,-8.758610725402832,-26.421310424804688,-20.246191024780273,34.41957473754883
33,33000,7,-8.927949905395508,1.7749004364013672,7.500648498535156,11.794841766357422
33,33000,8,16.131250381469727,28.845901489257812,17.824539184570312,37.55019760131836
33,33000,9,-9.125490188598633,-17.455381393432617,3.3404006958007812,19.97806739807129
33,33000,10,17.390430450439453,-26.27410125732422,20.15423583984375,37.402523040771484
34,34000,1,-14.995035171508789,-40.68513488769531,-14.435237884521484,45.70018768310547
34,34000,2,-5.8506999015808105,22.970958709716797,-17.52505111694336,29.479196548461914
34,34000,3,-0.3401985168457031,7.370929718017578,0.7712087631225586,7.41896915435791
34,34000,4,-13.00143814086914,-11.352709770202637,-35.595096588134766,39.55922317504883
34,34000,5,9.570537567138672,-4.153800964355469,17.083953857421875,20.017759323120117
34,34000,6,-7.630100250244141,-27.08837890625,-20.702011108398438,34.93668746948242
34,34000,7,-9.409950256347656,0.3889007568359375,7.376590728759766,11.962964057922363
34,34000,8,15.541280746459961,29.88360023498535,19.182735443115234,38.76258850097656
34,34000,9,-8.307838439941406,-17.16221046447754,3.711200714111328,19.42510414123535
34,34000,10,16.39510154724121,-25.07900047302246,19.662738800048828,35.838233947753906
35,35000,1,-14.792038917541504,-40.122737884521484,-14.905534744262695,45.28590774536133
35,35000,2,-5.750999927520752,21.354839324951172,-17.081756591796875,27.944400787353516
35,35000,3,-0.9615974426269531,7.214469909667969,1.4975109100341797,7.430732727050781
35,35000,4,-13.773534774780273,-11.309420585632324,-34.55860137939453,38.8832893371582
35,35000,5,10.480335235595703,-2.7067015171051025,16.292221069335938,19.56016731262207
35,35000,6,-8.3070707321167,-27.438358306884766,-20.79663848876953,35.4171028137207
35,35000,7,-10.08942985534668,0.4014005661010742,7.417459487915039,12.529023170471191
35,35000,8,15.41196060180664,29.143102645874023,17.582134246826172,37.362823486328125
35,35000,9,-8.956960678100586,-17.28934097290039,3.0336990356445312,19.70664405822754
35,35000,10,16.489511489868164,-25.033802032470703,20.424137115478516,36.27313995361328
36,36000,1,-15.566534996032715,-39.93003463745117,-14.889634132385254,45.36988067626953
36,36000,2,-4.278199672698975,22.559118270874023,-17.00754165649414,28.57399559020996
36,36000,3,-0.8050003051757812,6.8530120849609375,0.6229686737060547,6.928195476531982
36,36000,4,-12.903602600097656,-11.259559631347656,-35.68159866333008,39.578495025634766
36,36000,5,8.919937133789062,-3.842399835586548,16.970197677612305,19.552927017211914
36,36000,6,-8.125391006469727,-27.292736053466797,-20.500350952148438,35.088172912597656
36,36000,7,-8.480060577392578,0.23850059509277344,7.444068908691406,11.286384582519531
36,36000,8,16.125749588012695,28.85453987121582,19.083637237548828,38.168174743652344
36,36000,9,-8.757280349731445,-16.853179931640625,3.2869033813476562,19.274940490722656
36,36000,10,17.40947151184082,-25.51340103149414,19.982738494873047,36.78767776489258
37,37000,1,-14.329333305358887,-39.71066665649414,-15.572736740112305,44.997520446777344
37,37000,2,-5.701200008392334,22.602949142456055,-17.044485092163086,28.877525329589844
37,37000,3,-0.006099700927734375,7.340290069580078,1.0464506149291992,7.4145097732543945
37,37000,4,-12.735499382019043,-11.513140678405762,-35.69490051269531,39.60898208618164
37,37000,5,9.702037811279297,-3.14259934425354,17.24854278564453,20.037906646728516
37,37000,6,-8.319910049438477,-27.687055587768555,-20.14999008178711,35.239410400390625
37,37000,7,-8.510929107666016,1.2458992004394531,8.11996078491211,11.82886028289795
37,37000,8,16.235021591186523,29.00830078125,17.875137329101562,37.74358367919922
37,37000,9,-8.8077392578125,-17.36526870727539,3.510997772216797,19.785245895385742
37,37000,10,17.33694076538086,-25.247901916503906,19.520736694335938,36.3192138671875
38,38000,1,-14.35783576965332,-39.71565628051758,-14.367538452148438,44.60837173461914
38,38000,2,-5.304798603057861,21.971508026123047,-16.927759170532227,28.238927841186523
38,38000,3,-0.5884971618652344,6.099246978759766,0.5882492065429688,6.155743598937988
38,38000,4,-13.60113525390625,-11.947190284729004,-35.05399703979492,39.45261764526367
38,38000,5,8.908935546875,-3.5627005100250244,16.20922088623047,18.836156845092773
38,38000,6,-8.188749313354492,-26.163665771484375,-21.61307144165039,34.91014099121094
38,38000,7,-9.097799301147461,1.3247003555297852,8.043170928955078,12.215456008911133
38,38000,8,15.721490859985352,29.772201538085938,18.087738037109375,38.21930694580078
38,38000,9,-8.468500137329102,-17.40744972229004,2.9715003967285156,19.584806442260742
38,38000,10,16.901329040527344,-25.277502059936523,20.368335723876953,36.598854064941406
39,39000,1,-15.423637390136719,-39.79143524169922,-15.314735412597656,45.34080123901367
39,39000,2,-4.735499858856201,22.802608489990234,-17.149534225463867,28.92214584350586
39,39000,3,-1.0587005615234375,5.502281188964844,-0.04516029357910156,5.603390693664551
39,39000,4,-13.294601440429688,-11.601469993591309,-35.45940017700195,39.606937408447266
39,39000,5,9.575435638427734,-2.7719004154205322,15.121589660644531,18.111732482910156
39,39000,6,-7.525250434875488,-27.305627822875977,-21.11222267150879,35.32637405395508
39,39000,7,-9.255939483642578,0.4519996643066406,7.572200775146484,11.967245101928711
39,39000,8,15.993030548095703,29.12179946899414,18.826637268066406,38.18767547607422
39,39000,9,-8.324989318847656,-16.959129333496094,3.2929000854492188,19.177087783813477
39,39000,10,15.39232063293457,-24.92540168762207,19.79753875732422,35.35734176635742
40,40000,1,-14.263535499572754,-38.03213882446289,-15.862739562988281,43.60640335083008
40,40000,2,-4.962198734283447,22.750267028808594,-17.706382751464844,29.25259017944336
40,40000,3,-0.9785995483398438,6.041170120239258,0.6495208740234375,6.1542887687683105
40,40000,4,-13.062000274658203,-10.654350280761719,-35.98710250854492,39.73918151855469
40,40000,5,9.823638916015625,-2.6399996280670166,16.574310302734375,19.446882247924805
40,40000,6,-8.303529739379883,-26.372827529907227,-20.61233139038086,34.48685073852539
40,40000,7,-8.761789321899414,0.4499998092651367,8.418001174926758,12.158708572387695
40,40000,8,15.754301071166992,29.182601928710938,18.10803985595703,37.78522872924805
40,40000,9,-8.830909729003906,-17.20941162109375,2.9253997802734375,19.56289291381836
40,40000,10,16.398311614990234,-25.225399017333984,19.899036407470703,36.07210922241211
41,41000,1,-14.14013385772705,-37.873268127441406,-15.548135757446289,43.31364822387695
41,41000,2,-4.667700290679932,22.935487747192383,-18.813602447509766,30.02958106994629
41,41000,3,-1.0728988647460938,5.858249664306641,-0.11208915710449219,5.9567413330078125
41,41000,4,-13.804338455200195,-11.425809860229492,-35.79880142211914,40.03327560424805
41,41000,5,10.749839782714844,-2.652099847793579,16.454059600830078,19.832517623901367
41,41000,6,-8.589780807495117,-27.271316528320312,-20.276119232177734,35.05181884765625
41,41000,7,-9.198440551757812,0.7184000015258789,7.242839813232422,11.729711532592773
41,41000,8,16.4136905670166,29.472900390625,18.996837615966797,38.71615982055664
41,41000,9,-8.73134994506836,-16.66895294189453,2.483898162841797,18.98052215576172
41,41000,10,16.523109436035156,-25.71449851989746,19.51773452758789,36.26555633544922
42,42000,1,-15.046836853027344,-38.12045669555664,-16.183237075805664,44.062156677246094
42,42000,2,-5.7245001792907715,23.017648696899414,-19.141517639160156,30.479167938232422
42,42000,3,-1.4184989929199219,5.322620391845703,0.6172199249267578,5.542868137359619
42,42000,4,-13.709840774536133,-11.191539764404297,-35.9390983581543,40.06031799316406
42,42000,5,10.538337707519531,-3.145399332046509,17.77359390258789,20.90097427368164
42,42000,6,-8.348819732666016,-25.377574920654297,-21.663650512695312,34.39531707763672
42,42000,7,-8.212509155273438,0.7264995574951172,8.089868545532227,11.550718307495117
42,42000,8,16.23189926147461,30.380199432373047,19.135234832763672,39.402896881103516
42,42000,9,-8.974159240722656,-16.662158966064453,3.4704017639160156,19.24075698852539
42,42000,10,16.124509811401367,-25.260299682617188,19.732036590576172,35.880855560302734
43,43000,1,-14.217134475708008,-38.1749267578125,-16.238534927368164,43.853641510009766
43,43000,2,-6.326199054718018,22.19725799560547,-17.410106658935547,28.91108512878418
43,43000,3,-0.5662994384765625,5.2343292236328125,0.120849609375,5.266260623931885
43,43000,4,-14.181135177612305,-10.771060943603516,-35.27470016479492,39.514869689941406
43,43000,5,9.802238464355469,-2.800699472427368,15.208108901977539,18.308860778808594
43,43000,6,-8.271049499511719,-26.665666580200195,-20.401561737060547,34.57877731323242
43,43000,7,-8.210969924926758,0.6614999771118164,8.612678527832031,11.917879104614258
43,43000,8,16.515727996826172,30.41550064086914,18.350635528564453,39.174198150634766
43,43000,9,-8.735210418701172,-17.418899536132812,2.9264984130859375,19.70498275756836
43,43000,10,16.116071701049805,-25.7239990234375,20.230636596679688,36.47917938232422
44,44000,1,-13.929738998413086,-38.46372604370117,-15.76473617553711,43.84088134765625
44,44000,2,-6.016599178314209,22.78926658630371,-18.305376052856445,29.84354019165039
44,44000,3,-1.0553016662597656,5.930080413818359,-0.17622947692871094,6.025825500488281
44,44000,4,-13.57973861694336,-10.536150932312012,-35.6693000793457,39.59442901611328
44,44000,5,10.168834686279297,-2.508100748062134,16.756000518798828,19.76004409790039
44,44000,6,-8.789950370788574,-26.81043243408203,-21.05257797241211,35.20331573486328
44,44000,7,-8.709239959716797,0.8872003555297852,7.770349502563477,11.70539665222168
44,44000,8,16.579776763916016,29.868803024291992,19.26003646850586,39.217132568359375
44,44000,9,-9.265060424804688,-17.21084976196289,2.8208999633789062,19.74872589111328
44,44000,10,16.738821029663086,-25.47330093383789,19.621936798095703,36.250484466552734
45,45000,1,-13.965740203857422,-37.859046936035156,-15.952434539794922,43.39158248901367
45,45000,2,-5.21429967880249,23.07647705078125,-18.05699920654297,29.76185417175293
45,45000,3,-0.6584014892578125,5.694002151489258,0.20407867431640625,5.7355732917785645
45,45000,4,-13.160900115966797,-12.271090507507324,-36.263099670410156,40.482112884521484
45,45000,5,9.973136901855469,-2.3577005863189697,16.066940307617188,19.056987762451172
45,45000,6,-8.547440528869629,-26.34978485107422,-20.85696029663086,34.675392150878906
45,45000,7,-9.175539016723633,0.5503997802734375,7.934518814086914,12.142900466918945
45,45000,8,15.683670043945312,29.924901962280273,18.834938049316406,38.68115997314453
45,45000,9,-8.48097038269043,-17.29241943359375,2.4477996826171875,19.41510581970215
45,45000,10,16.208410263061523,-25.77680015563965,19.82443618774414,36.33406448364258
46,46000,1,-14.232833862304688,-38.6798095703125,-15.953733444213867,44.195281982421875
46,46000,2,-5.0752997398376465,23.389978408813477,-19.441070556640625,30.835124969482422
46,46000,3,-0.874298095703125,6.610170364379883,0.012559890747070312,6.667750835418701
46,46000,4,-13.905937194824219,-10.419709205627441,-34.97710037231445,39.055641174316406
46,46000,5,10.386039733886719,-2.5226995944976807,17.412830352783203,20.431360244750977
46,46000,6,-8.357379913330078,-26.486705780029297,-20.489749908447266,34.51407241821289
46,46000,7,-9.206079483032227,0.7625999450683594,7.980840682983398,12.207673072814941
46,46000,8,16.998104095458984,29.501802444458008,18.474437713623047,38.7375373840332
46,46000,9,-8.904838562011719,-16.983848571777344,3.0689010620117188,19.420745849609375
46,46000,10,15.501371383666992,-25.20840072631836,19.231239318847656,35.29301071166992
47,47000,1,-14.483635902404785,-38.51218795776367,-15.959035873413086,44.13224792480469
47,47000,2,-4.833299160003662,23.051706314086914,-18.017120361328125,29.653980255126953
47,47000,3,-0.7551002502441406,4.268348693847656,0.9426403045654297,4.435938358306885
47,47000,4,-12.97500228881836,-11.535730361938477,-35.11370086669922,39.171363830566406
47,47000,5,9.725936889648438,-1.9349005222320557,15.202239990234375,18.1506404876709
47,47000,6,-8.120039939880371,-26.469173431396484,-20.902610778808594,34.69108581542969
47,47000,7,-9.066890716552734,0.038100242614746094,8.354669570922852,12.329252243041992
47,47000,8,16.13513946533203,29.03110122680664,17.827537536621094,37.695735931396484
47,47000,9,-9.334009170532227,-16.624839782714844,3.6756973266601562,19.4169979095459
47,47000,10,17.42622947692871,-24.880399703979492,19.527034759521484,36.11111831665039
48,48000,1,-14.787636756896973,-38.7245979309082,-16.09223747253418,44.466041564941406
48,48000,2,-5.638298511505127,22.236248016357422,-17.240089416503906,28.69602394104004
48,48000,3,-1.5366020202636719,5.949249267578125,0.4861793518066406,6.163690567016602
48,48000,4,-12.571598052978516,-11.086469650268555,-35.987796783447266,39.6998291015625
48,48000,5,9.763736724853516,-2.3169004917144775,16.30204963684082,19.143024444580078
48,48000,6,-7.8184003829956055,-26.41720962524414,-22.09870147705078,35.31782913208008
48,48000,7,-7.458399295806885,1.1378002166748047,7.563699722290039,10.68325138092041
48,48000,8,15.930191040039062,30.341201782226562,17.906036376953125,38.665042877197266
48,48000,9,-9.20026969909668,-18.218700408935547,2.678699493408203,20.58498191833496
48,48000,10,16.42296028137207,-25.736099243164062,20.260536193847656,36.64082336425781
49,49000,1,-14.326333999633789,-37.50518798828125,-16.76853370666504,43.5093879699707
49,49000,2,-5.949499607086182,23.76289939880371,-18.96854019165039,30.981889724731445
49,49000,3,-0.4976997375488281,7.300241470336914,1.4908514022827148,7.4675211906433105
49,49000,4,-13.904937744140625,-11.999541282653809,-35.06660079956055,39.58538818359375
49,49000,5,9.375835418701172,-2.217500686645508,15.687030792236328,18.409414291381836
49,49000,6,-8.612269401550293,-26.831375122070312,-20.50960922241211,34.853092193603516
49,49000,7,-9.027198791503906,0.4552001953125,7.911470413208008,12.012031555175781
49,49000,8,16.064586639404297,30.516700744628906,19.067832946777344,39.407135009765625
49,49000,9,-8.847148895263672,-16.794702529907227,3.0091018676757812,19.21949005126953
49,49000,10,17.253890991210938,-26.22100067138672,20.57443618774414,37.53058624267578
50,50000,1,-14.944437026977539,-37.728668212890625,-16.943939208984375,43.97596740722656
50,50000,2,-5.127198696136475,22.76123809814453,-17.841218948364258,29.371265411376953
50,50000,3,0.14310073852539062,7.464580535888672,0.5791397094726562,7.488380432128906
50,50000,4,-13.49853515625,-11.343860626220703,-36.20180130004883,40.26740646362305
50,50000,5,9.898139953613281,-2.2353994846343994,16.639270782470703,19.489368438720703
50,50000,6,-8.885551452636719,-27.356807708740234,-20.529151916503906,35.338279724121094
50,50000,7,-8.617168426513672,0.44719982147216797,7.332408905029297,11.323418617248535
50,50000,8,16.043228149414062,29.920501708984375,18.659339904785156,38.74006271362305
50,50000,9,-9.071849822998047,-17.44074249267578,2.938201904296875,19.877399444580078
50,50000,10,15.441469192504883,-26.134201049804688,19.478633880615234,36.06733322143555
51,51000,1,-13.437138557434082,-38.388065338134766,-16.040834426879883,43.720802307128906
51,51000,2,-5.431700229644775,22.46794891357422,-16.88997459411621,28.628366470336914
51,51000,3,-1.5611000061035156,4.558422088623047,0.2693195343017578,4.825844764709473
51,51000,4,-14.011238098144531,-12.998359680175781,-36.6427001953125,41.32746887207031
51,51000,5,8.839637756347656,-2.55660080909729,16.30341148376465,18.72102165222168
51,51000,6,-7.837660789489746,-27.591447830200195,-20.347801208496094,35.16745376586914
51,51000,7,-8.86806869506836,1.213099479675293,7.80824089050293,11.87783145904541
51,51000,8,16.83745574951172,29.607799530029297,19.01553726196289,39.009132385253906
51,51000,9,-8.808900833129883,-17.77395248413086,3.2726974487304688,20.105239868164062
51,51000,10,16.144451141357422,-24.967899322509766,19.482139587402344,35.547054290771484
52,52000,1,-14.26683521270752,-38.23579788208008,-15.829839706420898,43.773311614990234
52,52000,2,-5.884199619293213,23.365610122680664,-17.977123260498047,30.062477111816406
52,52000,3,-0.7860984802246094,5.320960998535156,0.7083606719970703,5.425158977508545
52,52000,4,-14.205339431762695,-12.402290344238281,-35.407901763916016,40.116432189941406
52,52000,5,10.633235931396484,-3.2597010135650635,17.196210861206055,20.47928237915039
52,52000,6,-9.29918098449707,-26.576833724975586,-21.212600708007812,35.25304412841797
52,52000,7,-8.401418685913086,0.5254001617431641,8.00214958190918,11.614399909973145
52,52000,8,16.42050552368164,30.162199020385742,19.467937469482422,39.476470947265625
52,52000,9,-9.063461303710938,-17.09438705444336,2.9580001831054688,19.57330322265625
52,52000,10,16.481189727783203,-24.923898696899414,20.02023696899414,35.96721267700195
53,53000,1,-14.252936363220215,-38.060707092285156,-16.317638397216797,43.79530715942383
53,53000,2,-3.6742005348205566,22.70134735107422,-18.021421432495117,29.216819763183594
53,53000,3,-0.4750022888183594,7.254629135131836,1.0538196563720703,7.346142292022705
53,53000,4,-14.118633270263672,-11.892390251159668,-35.59920120239258,40.10072326660156
53,53000,5,9.840438842773438,-3.198000192642212,16.960716247558594,19.867746353149414
53,53000,6,-8.980340003967285,-26.91307830810547,-21.153160095214844,35.389495849609375
53,53000,7,-8.613479614257812,0.38319969177246094,7.856990814208984,11.664955139160156
53,53000,8,16.47775650024414,29.69300079345703,18.311237335205078,38.58098220825195
53,53000,9,-8.42466926574707,-16.849349975585938,3.041698455810547,19.082128524780273
53,53000,10,15.548749923706055,-26.697101593017578,20.254539489746094,36.94245910644531
54,54000,1,-14.254234313964844,-38.43556594848633,-16.403535842895508,44.15372848510742
54,54000,2,-5.556599140167236,22.623798370361328,-17.17279624938965,28.941612243652344
54,54000,3,-0.5147972106933594,6.858959197998047,-0.3450899124145508,6.886902332305908
54,54000,4,-13.665739059448242,-12.210221290588379,-35.92919921875,40.33298110961914
54,54000,5,9.171737670898438,-3.2154006958007812,16.079580307006836,18.788625717163086
54,54000,6,-8.201680183410645,-27.183597564697266,-20.759929656982422,35.17371368408203
54,54000,7,-8.133840560913086,1.1735000610351562,7.932010650634766,11.421613693237305
54,54000,8,17.246185302734375,29.19460105895996,18.423133850097656,38.5897331237793
54,54000,9,-8.285400390625,-16.586441040039062,2.8480987548828125,18.75818634033203
54,54000,10,15.432022094726562,-26.885799407958984,20.283538818359375,37.04612350463867
55,55000,1,-14.490434646606445,-38.297645568847656,-17.387035369873047,44.48585510253906
55,55000,2,-4.228800296783447,22.88482666015625,-17.740413665771484,29.262950897216797
55,55000,3,-0.7264022827148438,6.934610366821289,-0.04958152770996094,6.972728252410889
55,55000,4,-13.627437591552734,-12.848999977111816,-36.43950271606445,40.97122573852539
55,55000,5,9.021137237548828,-2.045900583267212,15.030759811401367,17.649089813232422
55,55000,6,-8.550819396972656,-26.850868225097656,-20.769821166992188,35.00672912597656
55,55000,7,-10.010278701782227,0.05620002746582031,6.764070510864258,12.081452369689941
55,55000,8,16.3646240234375,29.19860076904297,16.729537963867188,37.419734954833984
55,55000,9,-7.3780694007873535,-16.749919891357422,2.6801986694335938,18.49808692932129
55,55000,10,16.879058837890625,-26.492900848388672,21.027236938476562,37.80107498168945
56,56000,1,-14.48193645477295,-38.223487854003906,-16.757234573364258,44.176536560058594
56,56000,2,-5.055199146270752,22.61271858215332,-16.594959259033203,28.500574111938477
56,56000,3,-0.8003005981445312,6.767250061035156,-0.646209716796875,6.844979286193848
56,56000,4,-13.598533630371094,-11.982949256896973,-35.625099182128906,39.970726013183594
56,56000,5,9.50833511352539,-2.4731009006500244,16.252090454101562,18.990921020507812
56,56000,6,-7.94564151763916,-26.928855895996094,-20.452800750732422,34.73634338378906
56,56000,7,-8.410099029541016,0.9920997619628906,8.510000228881836,12.005587577819824
56,56000,8,16.668514251708984,29.02480125427246,17.84023666381836,37.928253173828125
56,56000,9,-8.7152099609375,-16.820327758789062,3.7237014770507812,19.30658531188965
56,56000,10,16.788999557495117,-25.459400177001953,20.996837615966797,37.02592086791992
57,57000,1,-14.048436164855957,-38.408843994140625,-15.789936065673828,43.83970642089844
57,57000,2,-4.824499607086182,22.028257369995117,-16.794681549072266,28.117277145385742
57,57000,3,-0.01670074462890625,7.943359375,1.1680898666381836,8.028802871704102
57,57000,4,-13.760738372802734,-11.434669494628906,-35.36009979248047,39.62885665893555
57,57000,5,10.458335876464844,-2.8304004669189453,16.345760345458984,19.610504150390625
57,57000,6,-9.341119766235352,-28.265888214111328,-21.045421600341797,36.457191467285156
57,57000,7,-8.56964111328125,0.645899772644043,7.839809417724609,11.632649421691895
57,57000,8,16.88042449951172,29.423198699951172,18.83083724975586,38.79785919189453
57,57000,9,-9.43313980102539,-17.286239624023438,3.564800262451172,20.012645721435547
57,57000,10,16.383460998535156,-26.03710174560547,19.94243621826172,36.661277770996094
58,58000,1,-14.355935096740723,-38.976619720458984,-16.8248348236084,44.81455993652344
58,58000,2,-3.3300986289978027,22.433917999267578,-17.261568069458008,28.50143814086914
58,58000,3,-0.8929023742675781,7.223508834838867,0.3150806427001953,7.28530216217041
58,58000,4,-15.208633422851562,-12.83530044555664,-35.60499954223633,40.78925704956055
58,58000,5,10.056640625,-2.3771002292633057,16.44091796875,19.41881561279297
58,58000,6,-8.601019859313965,-26.764530181884766,-21.620670318603516,35.46506881713867
58,58000,7,-9.186689376831055,0.8934001922607422,8.182600021362305,12.334843635559082
58,58000,8,16.699539184570312,30.252201080322266,18.587135314941406,39.237125396728516
58,58000,9,-8.809650421142578,-16.330322265625,4.041900634765625,18.990163803100586
58,58000,10,15.419488906860352,-25.240400314331055,19.731136322021484,35.55497360229492
59,59000,1,-15.300833702087402,-38.06946563720703,-17.233436584472656,44.501583099365234
59,59000,2,-4.7676005363464355,22.639366149902344,-17.314247131347656,28.897302627563477
59,59000,3,-0.3306007385253906,6.560939788818359,1.705460548400879,6.787033557891846
59,59000,4,-13.714937210083008,-12.757020950317383,-36.30839920043945,40.85512161254883
59,59000,5,9.779937744140625,-2.519500970840454,16.26080322265625,19.141807556152344
59,59000,6,-8.805729866027832,-26.58008575439453,-20.66253089904785,34.79916763305664
59,59000,7,-9.334890365600586,0.2580995559692383,7.3031005859375,11.8550443649292
59,59000,8,16.676624298095703,29.88359832763672,18.47293472290039,38.88943862915039
59,59000,9,-8.704559326171875,-17.545310974121094,2.8989028930664062,19.799266815185547
59,59000,10,17.046802520751953,-25.642200469970703,20.196537017822266,36.82412338256836
60,60000,1,-14.684737205505371,-38.384735107421875,-17.46563720703125,44.65509796142578
60,60000,2,-4.090299129486084,22.98386573791504,-16.5944881439209,28.642026901245117
60,60000,3,-0.5030975341796875,6.918937683105469,0.4243297576904297,6.950170040130615
60,60000,4,-14.787836074829102,-12.177519798278809,-35.320098876953125,40.18061065673828
60,60000,5,10.481037139892578,-3.6536998748779297,17.024394989013672,20.32318115234375
60,60000,6,-7.8451995849609375,-27.04297637939453,-20.846220016479492,35.03476333618164
60,60000,7,-9.44887924194336,0.7397994995117188,7.891490936279297,12.33305549621582
60,60000,8,16.77771759033203,29.683300018310547,18.6578369140625,38.86779022216797
60,60000,9,-8.78386116027832,-17.231491088867188,3.410900115966797,19.63962173461914
60,60000,10,16.611120223999023,-25.740100860595703,20.170635223388672,36.6788330078125
61,61000,1,-14.52763843536377,-38.011688232421875,-16.945636749267578,44.0805549621582
61,61000,2,-4.415200710296631,21.64285659790039,-17.47907066345215,28.167804718017578
61,61000,3,-0.449798583984375,5.691959381103516,0.8333187103271484,5.7701945304870605
61,61000,4,-14.635238647460938,-12.582030296325684,-35.82830047607422,40.69600296020508
61,61000,5,10.121238708496094,-2.028700113296509,14.742189407348633,17.996868133544922
61,61000,6,-8.492149353027344,-27.581207275390625,-19.68743133544922,34.93471908569336
61,61000,7,-9.075489044189453,-0.12080001831054688,7.9944305419921875,12.095040321350098
61,61000,8,16.760696411132812,29.636201858520508,17.928936004638672,38.4795036315918
61,61000,9,-8.753801345825195,-17.38981056213379,3.7256011962890625,19.82207489013672
61,61000,10,16.693300247192383,-25.561702728271484,20.31103515625,36.66885757446289
62,62000,1,-14.833436012268066,-37.39143753051758,-16.9620361328125,43.65616989135742
62,62000,2,-4.9384989738464355,23.19416618347168,-17.95254898071289,29.74310302734375
62,62000,3,-0.7030029296875,5.199699401855469,-0.002819061279296875,5.247008323669434
62,62000,4,-13.749338150024414,-11.773870468139648,-35.62969970703125,39.96428298950195
62,62000,5,9.142635345458984,-2.535900354385376,15.671249389648438,18.319568634033203
62,62000,6,-8.7808198928833,-26.430288314819336,-20.560129165649414,34.617652893066406
62,62000,7,-9.375898361206055,0.6992006301879883,7.233869552612305,11.86276626586914
62,62000,8,16.502643585205078,29.41140365600586,18.409236907958984,38.4222297668457
62,62000,9,-8.268270492553711,-16.866580963134766,3.3227996826171875,19.07581901550293
62,62000,10,16.524810791015625,-25.26849937438965,19.982837677001953,36.20608139038086
63,63000,1,-14.091336250305176,-37.954437255859375,-15.801633834838867,43.460289001464844
63,63000,2,-4.9638991355896,23.10940933227539,-18.612619400024414,30.08512306213379
63,63000,3,-1.0285987854003906,5.325611114501953,1.510880470275879,5.630533695220947
63,63000,4,-13.738935470581055,-11.558589935302734,-35.21949768066406,39.53191375732422
63,63000,5,9.903236389160156,-2.619001626968384,16.230419158935547,19.19270133972168
63,63000,6,-7.732139587402344,-27.20162582397461,-21.089160919189453,35.277008056640625
63,63000,7,-9.31873893737793,0.7028999328613281,8.114110946655273,12.37625789642334
63,63000,8,16.56287956237793,29.196998596191406,16.985637664794922,37.620548248291016
63,63000,9,-8.576089859008789,-17.46493148803711,3.7587013244628906,19.81668472290039
63,63000,10,17.182491302490234,-25.12179946899414,20.257835388183594,36.56121826171875
64,64000,1,-14.184136390686035,-38.545196533203125,-15.225336074829102,43.803340911865234
64,64000,2,-4.557499408721924,22.458866119384766,-17.313753128051758,28.721725463867188
64,64000,3,-1.3978996276855469,5.1571807861328125,0.5260505676269531,5.369112014770508
64,64000,4,-13.365537643432617,-11.102540016174316,-35.34389877319336,39.38394546508789
64,64000,5,10.04183578491211,-3.353800058364868,17.200050354003906,20.19723129272461
64,64000,6,-8.536149978637695,-27.294048309326172,-20.0846004486084,34.945987701416016
64,64000,7,-8.155540466308594,0.6097002029418945,8.12217903137207,11.526247024536133
64,64000,8,16.06696128845215,29.744998931884766,18.68753433227539,38.628177642822266
64,64000,9,-9.514310836791992,-17.510698318481445,3.5120010375976562,20.235631942749023
64,64000,10,17.295391082763672,-25.792800903320312,20.169937133789062,37.030059814453125
65,65000,1,-14.812135696411133,-38.4845085144043,-16.414535522460938,44.38348388671875
65,65000,2,-4.183800220489502,22.571258544921875,-17.683900833129883,28.977338790893555
65,65000,3,-0.9878005981445312,5.62660026550293,-0.1251201629638672,5.7140212059021
65,65000,4,-13.669837951660156,-10.7318696975708,-35.026100158691406,39.100704193115234
65,65000,5,10.618038177490234,-2.4624006748199463,16.92440414428711,20.130613327026367
65,65000,6,-8.595919609069824,-27.08606719970703,-20.410503387451172,34.98762130737305
65,65000,7,-8.809759140014648,0.9254999160766602,8.199859619140625,12.070878028869629
65,65000,8,16.46795654296875,29.14520263671875,17.713634490966797,37.87359619140625
65,65000,9,-8.834341049194336,-17.653697967529297,3.679901123046875,20.08084487915039
65,65000,10,16.26618194580078,-25.264598846435547,20.298336029052734,36.26170349121094
66,66000,1,-13.944936752319336,-37.58894729614258,-16.659835815429688,43.415897369384766
66,66000,2,-4.33669900894165,23.107990264892578,-17.635303497314453,29.39030647277832
66,66000,3,-1.811798095703125,5.459468841552734,0.024509429931640625,5.752305030822754
66,66000,4,-13.32080078125,-12.238890647888184,-37.14909744262695,41.319358825683594
66,66000,5,9.345237731933594,-3.036701202392578,16.78506851196289,19.449769973754883
66,66000,6,-8.791699409484863,-26.957927703857422,-20.98311996459961,35.27485275268555
66,66000,7,-9.10818862915039,0.27859973907470703,7.660959243774414,11.904915809631348
66,66000,8,16.084980010986328,28.545000076293945,17.744735717773438,37.261497497558594
66,66000,9,-8.797170639038086,-17.365501403808594,3.279499053955078,19.7409725189209
66,66000,10,16.44814109802246,-25.024499893188477,19.891937255859375,35.95074462890625
67,67000,1,-13.843235969543457,-38.437255859375,-17.24884033203125,44.34614181518555
67,67000,2,-5.719899654388428,23.589277267456055,-18.015300750732422,30.227840423583984
67,67000,3,-1.6065025329589844,5.583702087402344,-0.32382965087890625,5.819230556488037
67,67000,4,-13.10543441772461,-11.394901275634766,-35.599300384521484,39.60942459106445
67,67000,5,8.734138488769531,-2.163200616836548,16.47589874267578,18.77284812927246
67,67000,6,-8.003299713134766,-27.760446548461914,-20.444198608398438,35.3929443359375
67,67000,7,-8.889669418334961,1.3868999481201172,8.222450256347656,12.188453674316406
67,67000,8,15.802160263061523,28.475900650024414,16.576736450195312,36.54275894165039
67,67000,9,-8.781148910522461,-17.372682571411133,3.4569015502929688,19.770402908325195
67,67000,10,16.069169998168945,-25.715898513793945,20.120532989501953,36.39177703857422
68,68000,1,-14.477235794067383,-38.39334487915039,-15.942440032958984,44.02045822143555
68,68000,2,-5.042898654937744,23.075176239013672,-17.608144760131836,29.460844039916992
68,68000,3,-1.2681007385253906,6.0203094482421875,-0.3097686767578125,6.160207748413086
68,68000,4,-13.560937881469727,-12.23488998413086,-35.78849792480469,40.1796989440918
68,68000,5,9.386337280273438,-2.770500421524048,16.699626922607422,19.356046676635742
68,68000,6,-9.000761032104492,-26.580766677856445,-20.902000427246094,34.992061614990234
68,68000,7,-8.30988883972168,0.8032999038696289,8.437749862670898,11.869927406311035
68,68000,8,16.195919036865234,28.265602111816406,17.65013885498047,37.05104064941406
68,68000,9,-8.946510314941406,-17.359851837158203,3.5607986450195312,19.851543426513672
68,68000,10,15.672750473022461,-24.954700469970703,20.05923843383789,35.64751434326172
69,69000,1,-15.334136009216309,-37.61679458618164,-14.974739074707031,43.29436111450195
69,69000,2,-3.4017996788024902,23.048439025878906,-17.114971160888672,28.90890884399414
69,69000,3,-1.5806999206542969,5.766620635986328,0.8630609512329102,6.04130744934082
69,69000,4,-14.62093734741211,-13.110710144042969,-36.04179763793945,41.044776916503906
69,69000,5,10.160640716552734,-2.822399377822876,17.60712432861328,20.52353286743164
69,69000,6,-7.711639404296875,-27.128854751586914,-21.328081130981445,35.360023498535156
69,69000,7,-8.489669799804688,0.5532999038696289,8.421419143676758,11.970836639404297
69,69000,8,15.296649932861328,29.69980239868164,18.6484375,38.260032653808594
69,69000,9,-8.495460510253906,-18.238981246948242,2.9535980224609375,20.336101531982422
69,69000,10,16.83454132080078,-26.328001022338867,21.061233520507812,37.684757232666016
70,70000,1,-14.879234313964844,-36.148406982421875,-15.709238052368164,42.12931442260742
70,70000,2,-4.315800189971924,22.59282875061035,-16.917945861816406,28.553089141845703
70,70000,3,-1.1756019592285156,6.646871566772461,0.5774898529052734,6.774690628051758
70,70000,4,-14.020635604858398,-13.808609008789062,-35.41590118408203,40.51594543457031
70,70000,5,10.190338134765625,-3.70050048828125,17.079994201660156,20.230247497558594
70,70000,6,-7.973480224609375,-27.229976654052734,-20.85361099243164,35.2125129699707
70,70000,7,-7.868519306182861,1.0911998748779297,7.688669204711914,11.055313110351562
70,70000,8,15.502089500427246,28.807701110839844,17.65683364868164,37.17475128173828
70,70000,9,-8.289518356323242,-17.33884048461914,3.1108970642089844,19.468671798706055
70,70000,10,16.869340896606445,-25.96050262451172,19.645732879638672,36.6671142578125
71,71000,1,-15.52353572845459,-36.287391662597656,-16.99343490600586,42.971290588378906
71,71000,2,-3.61899995803833,23.188756942749023,-16.874692916870117,28.90624237060547
71,71000,3,-0.8105010986328125,7.157558441162109,0.7539901733398438,7.242655277252197
71,71000,4,-14.839336395263672,-13.57295036315918,-35.74230194091797,41.01150131225586
71,71000,5,10.414634704589844,-2.2042009830474854,16.42905044555664,19.576435089111328
71,71000,6,-8.608299255371094,-26.063217163085938,-20.462812423706055,34.23624801635742
71,71000,7,-8.967618942260742,0.7602996826171875,8.271860122680664,12.223743438720703
71,71000,8,16.594358444213867,28.874801635742188,17.900135040283203,37.80928039550781
71,71000,9,-9.013179779052734,-17.672780990600586,2.68060302734375,20.018747329711914
71,71000,10,17.544891357421875,-25.42569923400879,19.662738800048828,36.61847686767578
72,72000,1,-14.776837348937988,-38.468833923339844,-16.31633949279785,44.32188034057617
72,72000,2,-4.396900653839111,22.35413932800293,-16.811201095581055,28.31354522705078
72,72000,3,-0.11860275268554688,5.693180084228516,1.1087398529052734,5.8013505935668945
72,72000,4,-13.73963737487793,-13.531579971313477,-36.20979690551758,41.024757385253906
72,72000,5,9.657638549804688,-1.8321001529693604,16.774616241455078,19.442590713500977
72,72000,6,-8.838029861450195,-27.06553840637207,-20.726421356201172,35.21702194213867
72,72000,7,-9.104028701782227,0.5419998168945312,7.500190734863281,11.808046340942383
72,72000,8,16.339981079101562,30.618602752685547,17.905136108398438,39.052371978759766
72,72000,9,-8.554769515991211,-17.408031463623047,2.590099334716797,19.568655014038086
72,72000,10,16.37398910522461,-25.747299194335938,19.269737243652344,36.088138580322266
73,73000,1,-13.729936599731445,-37.868656158447266,-16.15143585205078,43.39833068847656
73,73000,2,-4.486999988555908,23.179460525512695,-17.607643127441406,29.452497482299805
73,73000,3,-0.6316986083984375,7.011951446533203,1.0713891983032227,7.121402740478516
73,73000,4,-14.237337112426758,-13.19667911529541,-35.0016975402832,40.024654388427734
73,73000,5,10.58493423461914,-2.3197004795074463,16.28908920288086,19.564157485961914
73,73000,6,-8.08594036102295,-26.55141830444336,-20.76634979248047,34.66412353515625
73,73000,7,-9.22825813293457,1.3408994674682617,7.44965934753418,11.935501098632812
73,73000,8,16.412029266357422,28.755102157592773,17.52243423461914,37.459930419921875
73,73000,9,-8.683050155639648,-17.55487060546875,3.525897979736328,19.899768829345703
73,73000,10,16.685340881347656,-25.648000717163086,20.368736267089844,36.75739288330078
74,74000,1,-14.0054349899292,-37.45726776123047,-14.785537719726562,42.63579559326172
74,74000,2,-4.278199672698975,22.58287811279297,-16.7440128326416,28.436796188354492
74,74000,3,-0.24530029296875,7.57191276550293,1.2356595993041992,7.675994396209717
74,74000,4,-14.452634811401367,-13.297490119934082,-35.4822998046875,40.554847717285156
74,74000,5,9.499935150146484,-2.764200448989868,16.42450714111328,19.174306869506836
74,74000,6,-8.741240501403809,-26.44903564453125,-20.272838592529297,34.45212173461914
74,74000,7,-8.547348022460938,1.187699317932129,8.410259246826172,12.049906730651855
74,74000,8,16.23318099975586,28.90610122680664,19.177234649658203,38.299415588378906
74,74000,9,-8.521120071411133,-17.30371856689453,2.8269996643066406,19.494104385375977
74,74000,10,15.662740707397461,-25.9114990234375,19.89063262939453,36.22657012939453
75,75000,1,-14.545435905456543,-38.06817626953125,-15.263635635375977,43.517059326171875
75,75000,2,-4.7055983543396,22.20172882080078,-17.042699813842773,28.381561279296875
75,75000,3,-1.0051040649414062,7.733699798583984,0.23703956604003906,7.802341461181641
75,75000,4,-15.148534774780273,-12.899920463562012,-34.94329833984375,40.21094512939453
75,75000,5,9.749435424804688,-3.1772994995117188,16.154090881347656,19.13377571105957
75,75000,6,-9.075309753417969,-27.091955184936523,-20.182689666748047,34.981082916259766
75,75000,7,-9.196819305419922,0.6546001434326172,8.327781677246094,12.424247741699219
75,75000,8,16.173059463500977,29.712799072265625,18.24573516845703,38.43598556518555
75,75000,9,-9.24795150756836,-17.19327163696289,2.953399658203125,19.74476432800293
75,75000,10,15.973142623901367,-25.448001861572266,19.658138275146484,35.905216217041016
76,76000,1,-14.313233375549316,-37.72530746459961,-14.34803581237793,42.8244514465332
76,76000,2,-3.4348998069763184,23.07554817199707,-16.801668167114258,28.750226974487305
76,76000,3,-0.11800003051757812,6.245548248291016,0.2964000701904297,6.253690719604492
76,76000,4,-14.584535598754883,-13.488909721374512,-35.6968994140625,40.852516174316406
76,76000,5,10.039836883544922,-2.63680100440979,15.820220947265625,18.92169189453125
76,76000,6,-8.496880531311035,-26.826995849609375,-21.01150894165039,35.11934280395508
76,76000,7,-8.988840103149414,0.49530029296875,8.135229110717773,12.13369369506836
76,76000,8,15.140241622924805,29.08209991455078,18.234535217285156,37.516578674316406
76,76000,9,-8.580398559570312,-17.06766128540039,3.0141983032226562,19.339433670043945
76,76000,10,16.347049713134766,-25.26850128173828,20.278839111328125,36.28986740112305
77,77000,1,-14.875335693359375,-36.69802474975586,-16.724937438964844,42.98539352416992
77,77000,2,-4.971999645233154,21.698957443237305,-15.160810470581055,26.933542251586914
77,77000,3,-0.849700927734375,7.55586051940918,0.05278968811035156,7.603670597076416
77,77000,4,-14.039438247680664,-13.272931098937988,-34.8578987121582,39.854103088378906
77,77000,5,9.291038513183594,-2.999300241470337,15.663490295410156,18.457088470458984
77,77000,6,-8.263801574707031,-26.63294792175293,-20.923480987548828,34.86253356933594
77,77000,7,-8.628608703613281,0.6098003387451172,7.95635986328125,11.752803802490234
77,77000,8,15.715099334716797,29.128700256347656,17.961036682128906,37.65692901611328
77,77000,9,-8.684961318969727,-17.962310791015625,3.362499237060547,20.233131408691406
77,77000,10,16.092878341674805,-25.948501586914062,20.797534942626953,36.94377899169922
78,78000,1,-14.585933685302734,-36.847537994384766,-15.873235702514648,42.69016647338867
78,78000,2,-4.365100383758545,22.386089324951172,-17.032751083374023,28.465869903564453
78,78000,3,-0.8307991027832031,6.4844207763671875,1.6876106262207031,6.751738548278809
78,78000,4,-14.99063491821289,-13.224200248718262,-35.580299377441406,40.81122970581055
78,78000,5,9.29903793334961,-2.905700922012329,15.95404052734375,18.693490982055664
78,78000,6,-7.879799842834473,-26.68468475341797,-19.611129760742188,34.040565490722656
78,78000,7,-8.113218307495117,0.8917007446289062,8.088640213012695,11.491106986999512
78,78000,8,15.879060745239258,30.05350112915039,18.990737915039062,38.935916900634766
78,78000,9,-9.169820785522461,-17.41469955444336,3.2958984375,19.95545768737793
78,78000,10,15.893028259277344,-25.384599685668945,20.335834503173828,36.20100021362305
79,79000,1,-14.697035789489746,-36.68645477294922,-14.888038635253906,42.23212814331055
79,79000,2,-4.187900066375732,23.31589698791504,-17.269609451293945,29.315677642822266
79,79000,3,-0.9206008911132812,5.04461669921875,-0.044620513916015625,5.128123760223389
79,79000,4,-14.451740264892578,-13.235780715942383,-35.94190216064453,40.937255859375
79,79000,5,9.888935089111328,-2.0664007663726807,15.98274040222168,18.907909393310547
79,79000,6,-9.036149978637695,-26.557018280029297,-21.161779403686523,35.138980865478516
79,79000,7,-8.653709411621094,1.4653997421264648,8.244550704956055,12.04187297821045
79,79000,8,15.124960899353027,29.862600326538086,18.51953887939453,38.25588607788086
79,79000,9,-8.613639831542969,-17.38231086730957,3.393402099609375,19.694026947021484
79,79000,10,16.42374038696289,-25.007400512695312,19.790939331054688,35.871864318847656
80,80000,1,-13.866738319396973,-38.406009674072266,-15.953937530517578,43.83875274658203
80,80000,2,-4.930199146270752,22.427776336669922,-16.39030647277832,28.21265983581543
80,80000,3,-1.5667991638183594,4.922847747802734,0.38027000427246094,5.180144309997559
80,80000,4,-14.876136779785156,-13.311111450195312,-35.80699920654297,40.99544143676758
80,80000,5,9.381538391113281,-2.576700448989868,15.947240829467773,18.680662155151367
80,80000,6,-7.741180419921875,-26.350955963134766,-20.632871627807617,34.35133361816406
80,80000,7,-8.599248886108398,0.9163999557495117,7.8175811767578125,11.65767765045166
80,80000,8,15.732681274414062,29.32840347290039,19.451736450195312,38.549224853515625
80,80000,9,-8.994850158691406,-17.198509216308594,3.128398895263672,19.659170150756836
80,80000,10,15.878398895263672,-25.329702377319336,20.42473602294922,36.2061767578125
81,81000,1,-13.864236831665039,-37.79753875732422,-16.17603874206543,43.38819122314453
81,81000,2,-4.115499973297119,21.94426727294922,-16.72409439086914,27.89594078063965
81,81000,3,-1.0133018493652344,4.811229705810547,0.6859397888183594,4.964395999908447
81,81000,4,-14.875438690185547,-13.592781066894531,-36.10439682006836,41.34694290161133
81,81000,5,9.298236846923828,-2.050100564956665,15.585708618164062,18.264020919799805
81,81000,6,-7.789179801940918,-26.84969711303711,-21.230161666870117,35.10409164428711
81,81000,7,-8.940279006958008,0.45150089263916016,7.7160797119140625,11.818220138549805
81,81000,8,15.6231107711792,28.67930030822754,18.25383758544922,37.413719177246094
81,81000,9,-8.93362045288086,-16.31977081298828,3.6614036560058594,18.96181297302246
81,81000,10,16.91843032836914,-24.860401153564453,20.521240234375,36.40596389770508
82,82000,1,-14.829536437988281,-38.92630386352539,-14.769638061523438,44.19631576538086
82,82000,2,-4.144798755645752,22.00592613220215,-16.816030502319336,28.003910064697266
82,82000,3,-0.7534027099609375,4.864780426025391,1.0201301574707031,5.027361869812012
82,82000,4,-14.679637908935547,-13.659470558166504,-34.82109832763672,40.18185806274414
82,82000,5,10.460235595703125,-3.242401361465454,17.540184020996094,20.678194046020508
82,82000,6,-8.102109909057617,-26.003908157348633,-21.345958709716797,34.60487747192383
82,82000,7,-8.252159118652344,1.0952997207641602,8.100839614868164,11.615568161010742
82,82000,8,15.113999366760254,30.564302444458008,18.43533706665039,38.761722564697266
82,82000,9,-8.967340469360352,-17.99059295654297,3.0391006469726562,20.330045700073242
82,82000,10,15.058021545410156,-25.206899642944336,19.32443618774414,35.15061569213867
83,83000,1,-15.373834609985352,-40.79493713378906,-14.399240493774414,45.91209030151367
83,83000,2,-4.337900638580322,22.605419158935547,-17.212648391723633,28.741914749145508
83,83000,3,-0.4157981872558594,5.249809265136719,0.0102691650390625,5.266259670257568
83,83000,4,-14.535335540771484,-12.391270637512207,-36.11689758300781,40.85645294189453
83,83000,5,9.683036804199219,-2.989999771118164,16.22058868408203,19.126127243041992
83,83000,6,-8.596599578857422,-27.607765197753906,-20.154029846191406,35.24592208862305
83,83000,7,-8.053339004516602,0.7430000305175781,8.06026840209961,11.418242454528809
83,83000,8,16.192909240722656,29.029001235961914,18.142536163330078,37.8687858581543
83,83000,9,-8.636749267578125,-17.619979858398438,3.2383995056152344,19.888296127319336
83,83000,10,16.25943946838379,-25.471099853515625,19.756736755371094,36.103668212890625
84,84000,1,-14.650233268737793,-38.39973449707031,-14.95283317565918,43.73506546020508
84,84000,2,-5.263299465179443,22.772377014160156,-16.731040954589844,28.7438907623291
84,84000,3,-1.4109001159667969,5.985570907592773,0.3357391357421875,6.1587677001953125
84,84000,4,-14.173934936523438,-13.346480369567871,-35.9839973449707,40.91304016113281
84,84000,5,8.997238159179688,-2.2259998321533203,16.270320892333984,18.725082397460938
84,84000,6,-8.34850025177002,-26.764484405517578,-19.808900833129883,34.32823181152344
84,84000,7,-8.315820693969727,0.7659997940063477,7.91703987121582,11.507351875305176
84,84000,8,15.888118743896484,29.812700271606445,18.217437744140625,38.38104248046875
84,84000,9,-8.802900314331055,-17.340980529785156,3.0761032104492188,19.68916130065918
84,84000,10,17.18636131286621,-25.289199829101562,20.265933990478516,36.68273162841797
85,85000,1,-14.631437301635742,-40.202938079833984,-14.633636474609375,45.21613311767578
85,85000,2,-4.6168999671936035,23.030698776245117,-17.061355590820312,29.031339645385742
85,85000,3,-1.8582992553710938,5.579929351806641,-0.18330001831054688,5.884087562561035
85,85000,4,-13.59603500366211,-12.994000434875488,-36.54469680786133,41.100013732910156
85,85000,5,10.001739501953125,-2.0940001010894775,16.415924072265625,19.336549758911133
85,85000,6,-7.816800117492676,-27.219648361206055,-20.848709106445312,35.166465759277344
85,85000,7,-8.618249893188477,0.3689002990722656,8.525819778442383,12.1284761428833
85,85000,8,16.270641326904297,29.34830093383789,17.840137481689453,38.004302978515625
85,85000,9,-8.338239669799805,-18.564050674438477,2.8311004638671875,20.546663284301758
85,85000,10,15.956069946289062,-25.2760009765625,19.395538330078125,35.63227844238281
86,86000,1,-14.110038757324219,-38.437225341796875,-15.61973762512207,43.82339096069336
86,86000,2,-4.916300296783447,22.261775970458984,-17.701772689819336,28.863636016845703
86,86000,3,-0.964599609375,5.755580902099609,-0.07321929931640625,5.836310863494873
86,86000,4,-14.065635681152344,-12.9805908203125,-35.96080017089844,40.7371711730957
86,86000,5,9.246635437011719,-2.8990001678466797,16.34264373779297,18.999643325805664
86,86000,6,-8.132631301879883,-26.945526123046875,-20.482280731201172,34.80984115600586
86,86000,7,-8.90985107421875,1.057499885559082,7.750619888305664,11.85646915435791
86,86000,8,16.22245979309082,29.421001434326172,18.72713851928711,38.463871002197266
86,86000,9,-8.691150665283203,-17.929073333740234,3.146900177001953,20.171533584594727
86,86000,10,15.95650863647461,-24.6322021484375,19.411636352539062,35.187599182128906
87,87000,1,-15.280439376831055,-40.00303649902344,-15.19883918762207,45.43940353393555
87,87000,2,-3.8707003593444824,22.63871955871582,-16.679777145385742,28.385011672973633
87,87000,3,-1.2378005981445312,7.758268356323242,0.5931205749511719,7.878747940063477
87,87000,4,-14.778839111328125,-11.960280418395996,-34.87200164794922,39.71799087524414
87,87000,5,9.463138580322266,-2.180400848388672,17.290096282958984,19.830596923828125
87,87000,6,-8.56212043762207,-26.56796646118164,-20.509300231933594,34.63810348510742
87,87000,7,-9.017169952392578,0.7051000595092773,8.255868911743164,12.24605655670166
87,87000,8,15.718730926513672,30.00410270690918,18.4327392578125,38.56281280517578
87,87000,9,-8.441539764404297,-16.642311096191406,3.013103485107422,18.902509689331055
87,87000,10,16.526058197021484,-25.223201751708984,20.23223876953125,36.313411712646484
88,88000,1,-14.038837432861328,-40.05384826660156,-14.875235557556152,44.97412872314453
88,88000,2,-4.766099452972412,22.490209579467773,-17.661714553833008,28.990713119506836
88,88000,3,-0.2765007019042969,6.95490837097168,0.6522598266601562,6.990897178649902
88,88000,4,-13.40273666381836,-11.823060989379883,-35.37269973754883,39.631378173828125
88,88000,5,8.828739166259766,-2.446300506591797,16.49007797241211,18.864084243774414
88,88000,6,-8.13003158569336,-26.76077651977539,-21.208600997924805,35.10044479370117
88,88000,7,-8.29732894897461,0.49520015716552734,8.230230331420898,11.697332382202148
88,88000,8,15.893701553344727,29.404699325561523,17.846038818359375,37.8909912109375
88,88000,9,-8.614080429077148,-16.653011322021484,3.2928009033203125,19.03595733642578
88,88000,10,15.17287826538086,-25.25870132446289,19.466835021972656,35.31537628173828
89,89000,1,-13.892535209655762,-39.47693634033203,-15.4891357421875,44.624481201171875
89,89000,2,-4.174099445343018,22.55293846130371,-17.392044067382812,28.784393310546875
89,89000,3,0.14200210571289062,7.101268768310547,0.37547969818115234,7.112606048583984
89,89000,4,-13.593137741088867,-12.055999755859375,-35.796302795410156,40.14344024658203
89,89000,5,9.558036804199219,-2.5698015689849854,17.72231674194336,20.298778533935547
89,89000,6,-8.054679870605469,-26.686996459960938,-20.44110107421875,34.5675048828125
89,89000,7,-9.730480194091797,0.7404994964599609,7.040620803833008,12.0333251953125
89,89000,8,15.53773021697998,29.852602005004883,18.200538635253906,38.26040267944336
89,89000,9,-8.347919464111328,-17.135921478271484,3.6593971252441406,19.409244537353516
89,89000,10,16.15199851989746,-25.601001739501953,19.688636779785156,36.1101188659668
90,90000,1,-15.212333679199219,-38.695045471191406,-14.661737442016602,44.087276458740234
90,90000,2,-4.862398624420166,23.340036392211914,-17.871578216552734,29.795866012573242
90,90000,3,-0.7074012756347656,6.583091735839844,1.2040586471557617,6.729581832885742
90,90000,4,-13.190998077392578,-12.175549507141113,-35.85709762573242,40.0995979309082
90,90000,5,9.659934997558594,-2.5137999057769775,16.327686309814453,19.137056350708008
90,90000,6,-8.0360107421875,-26.85106658935547,-19.807918548583984,34.32070541381836
90,90000,7,-8.742731094360352,0.5483999252319336,8.337570190429688,12.09343433380127
90,90000,8,16.66276741027832,29.62820053100586,18.50533676147461,38.70304489135742
90,90000,9,-8.829431533813477,-17.35940170288086,3.396800994873047,19.769824981689453
90,90000,10,15.98931884765625,-25.31130027770996,19.566036224365234,35.76520538330078
91,91000,1,-15.403534889221191,-39.233436584472656,-15.067039489746094,44.76100158691406
91,91000,2,-5.038999080657959,22.827987670898438,-17.656648635864258,29.296173095703125
91,91000,3,-0.7446022033691406,7.307727813720703,0.5632104873657227,7.367124557495117
91,91000,4,-13.531539916992188,-12.312439918518066,-36.52259826660156,40.848487854003906
91,91000,5,9.101737976074219,-2.7637996673583984,16.549053192138672,19.087989807128906
91,91000,6,-7.698110580444336,-26.28936004638672,-20.44892120361328,34.18405532836914
91,91000,7,-8.850948333740234,0.3747997283935547,8.247110366821289,12.103495597839355
91,91000,8,16.691898345947266,29.587501525878906,18.1329345703125,38.5077018737793
91,91000,9,-8.233419418334961,-17.40894889831543,3.8774032592773438,19.644208908081055
91,91000,10,16.4006404876709,-25.305702209472656,19.89423370361328,36.12672424316406
92,92000,1,-15.244236946105957,-38.96965789794922,-14.655937194824219,44.33753967285156
92,92000,2,-3.4838995933532715,22.267478942871094,-15.328161239624023,27.25675392150879
92,92000,3,-0.4477996826171875,5.414772033691406,1.0056304931640625,5.525537967681885
92,92000,4,-13.616037368774414,-12.615169525146484,-35.556697845458984,40.110069274902344
92,92000,5,9.03793716430664,-2.7430994510650635,16.326171875,18.86141014099121
92,92000,6,-7.843000411987305,-27.506256103515625,-21.3887996673584,35.71536636352539
92,92000,7,-9.212568283081055,0.8187999725341797,7.674800872802734,12.018503189086914
92,92000,8,16.121360778808594,31.004199981689453,18.49313735961914,39.53675079345703
92,92000,9,-9.272150039672852,-16.7489013671875,4.171501159667969,19.59336280822754
92,92000,10,15.008098602294922,-24.809701919555664,19.26113510131836,34.810279846191406
93,93000,1,-14.77723503112793,-37.54054641723633,-14.722637176513672,42.9466552734375
93,93000,2,-4.601199626922607,23.122459411621094,-17.233856201171875,29.203166961669922
93,93000,3,-0.9339981079101562,5.017719268798828,0.14238929748535156,5.105892181396484
93,93000,4,-14.508838653564453,-13.312260627746582,-35.71659851074219,40.7847785949707
93,93000,5,9.215438842773438,-2.576700210571289,16.066471099853516,18.700138092041016
93,93000,6,-8.665141105651855,-26.544937133789062,-20.924060821533203,34.8931884765625
93,93000,7,-9.858610153198242,0.3263998031616211,7.478710174560547,12.3786039352417
93,93000,8,16.141170501708984,29.583499908447266,18.49783706665039,38.4433479309082
93,93000,9,-8.865348815917969,-17.22698974609375,3.7553024291992188,19.73488998413086
93,93000,10,16.291831970214844,-24.571699142456055,20.334636688232422,35.81465530395508
94,94000,1,-14.855835914611816,-38.81803512573242,-15.400135040283203,44.32493591308594
94,94000,2,-4.429100513458252,22.5430965423584,-17.478778839111328,28.867210388183594
94,94000,3,0.0800018310546875,7.418600082397461,1.0290813446044922,7.490062236785889
94,94000,4,-14.690635681152344,-13.251140594482422,-35.727298736572266,40.83928680419922
94,94000,5,9.58443832397461,-3.089700937271118,16.356708526611328,19.20806121826172
94,94000,6,-8.212111473083496,-26.19581413269043,-20.684221267700195,34.372901916503906
94,94000,7,-9.157539367675781,0.8218994140625,8.488821029663086,12.513837814331055
94,94000,8,16.19223976135254,29.78240203857422,18.43133544921875,38.5861930847168
94,94000,9,-8.820621490478516,-17.74778175354004,3.695598602294922,20.160470962524414
94,94000,10,16.81351089477539,-26.044998168945312,19.672435760498047,36.715675354003906
95,95000,1,-14.290234565734863,-38.50626754760742,-15.733236312866211,43.982704162597656
95,95000,2,-3.869199275970459,22.229305267333984,-16.073627471923828,27.703325271606445
95,95000,3,-0.4575004577636719,7.310020446777344,0.5935401916503906,7.34833288192749
95,95000,4,-14.530536651611328,-13.36423110961914,-35.47699737548828,40.59995651245117
95,95000,5,9.1036376953125,-2.0906012058258057,15.494501113891602,18.0921630859375
95,95000,6,-8.613690376281738,-26.990684509277344,-21.06454086303711,35.30449676513672
95,95000,7,-8.244789123535156,0.1118001937866211,8.142370223999023,11.588237762451172
95,95000,8,15.573640823364258,29.87670135498047,18.912033081054688,38.63703536987305
95,95000,9,-9.143159866333008,-17.298419952392578,3.0509986877441406,19.80255699157715
95,95000,10,15.31235122680664,-25.941200256347656,19.56423568725586,35.91897964477539
96,96000,1,-14.279837608337402,-38.96482849121094,-14.779236793518066,44.05221176147461
96,96000,2,-4.647799015045166,22.805849075317383,-17.180980682373047,28.929136276245117
96,96000,3,-1.0671005249023438,6.72650146484375,0.6847200393676758,6.84495210647583
96,96000,4,-14.834535598754883,-13.721811294555664,-35.66299819946289,40.990257263183594
96,96000,5,9.790637969970703,-2.1796000003814697,17.831771850585938,20.459211349487305
96,96000,6,-8.455950736999512,-26.604755401611328,-20.674270629882812,34.73818588256836
96,96000,7,-9.156108856201172,0.6092996597290039,8.09998893737793,12.239909172058105
96,96000,8,15.795740127563477,30.639102935791016,18.073333740234375,38.92178726196289
96,96000,9,-8.593778610229492,-17.027420043945312,2.8107986450195312,19.279176712036133
96,96000,10,16.32686996459961,-25.325599670410156,19.199535369873047,35.72918701171875
97,97000,1,-14.949637413024902,-39.52269744873047,-14.739638328552246,44.752567291259766
97,97000,2,-3.889400005340576,22.279098510742188,-17.311080932617188,28.48085594177246
97,97000,3,-0.3376007080078125,7.649711608886719,0.370880126953125,7.666134357452393
97,97000,4,-14.40383529663086,-13.054280281066895,-36.26110076904297,41.143070220947266
97,97000,5,10.191436767578125,-2.6023008823394775,17.122760772705078,20.095430374145508
97,97000,6,-8.157160758972168,-27.30618667602539,-19.55059051513672,34.55998611450195
97,97000,7,-9.190099716186523,0.6340999603271484,8.277078628540039,12.384265899658203
97,97000,8,16.23784637451172,29.172603607177734,16.84213638305664,37.39473342895508
97,97000,9,-9.136489868164062,-16.75872039794922,3.7441024780273438,19.451181411743164
97,97000,10,15.951190948486328,-25.423603057861328,19.78433609008789,35.94746398925781
98,98000,1,-14.920737266540527,-40.069637298583984,-14.665332794189453,45.202613830566406
98,98000,2,-4.063000202178955,22.99306869506836,-16.97067642211914,28.865083694458008
98,98000,3,-0.5340003967285156,7.679298400878906,-0.1406087875366211,7.699126720428467
98,98000,4,-14.249536514282227,-13.106820106506348,-35.673099517822266,40.58827590942383
98,98000,5,9.585636138916016,-2.4626007080078125,15.488609313964844,18.380582809448242
98,98000,6,-7.772971153259277,-27.2193660736084,-20.730209350585938,35.086387634277344
98,98000,7,-8.779788970947266,0.8413000106811523,8.189220428466797,12.035605430603027
98,98000,8,15.796180725097656,29.825000762939453,18.712738037109375,38.590370178222656
98,98000,9,-9.072450637817383,-17.404279708862305,2.973102569580078,19.85088539123535
98,98000,10,15.580831527709961,-24.637901306152344,19.421035766601562,35.02806091308594
99,99000,1,-13.895635604858398,-39.11957550048828,-15.242637634277344,44.224063873291016
99,99000,2,-5.192999362945557,22.444528579711914,-17.863100051879883,29.15157699584961
99,99000,3,-0.7822990417480469,6.856731414794922,0.9516506195068359,6.966519832611084
99,99000,4,-13.41563606262207,-11.790290832519531,-36.01369857788086,40.19921112060547
99,99000,5,8.549835205078125,-2.5064985752105713,17.445953369140625,19.589372634887695
99,99000,6,-7.962309837341309,-27.048038482666016,-20.6839599609375,34.96885681152344
99,99000,7,-9.210941314697266,0.12279987335205078,8.167770385742188,12.311335563659668
99,99000,8,16.34693145751953,29.174299240112305,17.665237426757812,37.820926666259766
99,99000,9,-9.07832145690918,-17.045650482177734,4.033302307128906,19.729106903076172
99,99000,10,16.405960083007812,-25.790700912475586,19.923736572265625,36.48658752441406
100,100000,1,-14.929537773132324,-40.576534271240234,-14.651236534118652,45.650901794433594
100,100000,2,-6.04819917678833,23.002796173095703,-18.29849624633789,30.009071350097656
100,100000,3,-0.3042030334472656,6.609458923339844,0.5764894485473633,6.6415228843688965
100,100000,4,-13.523935317993164,-11.776761054992676,-35.77980041503906,40.022281646728516
100,100000,5,9.224037170410156,-1.9363996982574463,16.844257354736328,19.30185317993164
100,100000,6,-7.576860427856445,-26.259986877441406,-20.23560905456543,34.00699234008789
100,100000,7,-9.49540901184082,1.0473995208740234,7.256231307983398,11.996363639831543
100,100000,8,16.17119026184082,29.460803985595703,17.708133697509766,37.987159729003906
100,100000,9,-8.915790557861328,-17.432640075683594,3.5576019287109375,19.900875091552734
100,100000,10,16.295310974121094,-25.989299774169922,20.184036254882812,36.72024154663086
